{
  "metadata": {
    "pytorch_version": "2.4.0",
    "device": "mps",
    "duration_s": 18,
    "sample_rate": 44100,
    "timestamp": "2026-02-13 00:57:46",
    "machine": "arm64",
    "os": "Darwin 24.4.0"
  },
  "latency": {
    "coreml": {
      "times": [
        4.77846097946167,
        5.618728399276733,
        4.801471948623657,
        4.786518096923828,
        5.764594078063965,
        4.845435857772827,
        4.869711875915527,
        5.594138145446777,
        4.778865098953247,
        4.749075889587402
      ],
      "mean": 5.058700037002564,
      "std": 0.39658141653997403,
      "min": 4.749075889587402,
      "max": 5.764594078063965,
      "median": 4.823453903198242,
      "p95": 5.698954522609711,
      "p99": 5.751466166973114,
      "rtf_mean": 0.2810388909445869,
      "rtf_std": 0.022032300918887446,
      "n_runs": 10
    },
    "mps": {
      "times": [
        7.652363061904907,
        8.23823094367981,
        7.78054404258728,
        8.22251009941101,
        8.29487419128418,
        7.730392694473267,
        8.300462245941162,
        7.716082811355591,
        8.202853918075562,
        8.35012412071228
      ],
      "mean": 8.048843812942504,
      "std": 0.27307177359015006,
      "min": 7.652363061904907,
      "max": 8.35012412071228,
      "median": 8.212682008743286,
      "p95": 8.327776277065277,
      "p99": 8.34565455198288,
      "rtf_mean": 0.4471579896079169,
      "rtf_std": 0.01517065408834167,
      "n_runs": 10
    }
  },
  "step_sweep": {
    "10": {
      "times": [
        2.662533760070801,
        2.6880578994750977,
        3.441524028778076,
        2.6586880683898926,
        2.6838860511779785
      ],
      "mean": 2.826937961578369,
      "std": 0.30750750324058357,
      "min": 2.6586880683898926,
      "max": 3.441524028778076,
      "median": 2.6838860511779785,
      "p95": 3.29083080291748,
      "p99": 3.411385383605957,
      "rtf_mean": 0.15705210897657607,
      "rtf_std": 0.01708375018003242,
      "n_runs": 5,
      "spectral": {
        "peak_amplitude": 0.75,
        "rms": 0.03313099592924118,
        "dynamic_range_db": 27.096535419195142,
        "spectral_centroid_mean": 1466.9039459492178,
        "spectral_centroid_std": 772.730137551852,
        "spectral_rolloff_mean": 5065.867776393336,
        "zero_crossing_rate": 0.09930134091974088,
        "silence_ratio": 0.0,
        "spectral_flatness_mean": 0.054494708776474
      }
    },
    "15": {
      "times": [
        3.4421000480651855,
        3.495332956314087,
        3.4482550621032715,
        4.0627899169921875,
        3.309295654296875
      ],
      "mean": 3.551554727554321,
      "std": 0.26300681086271704,
      "min": 3.309295654296875,
      "max": 4.0627899169921875,
      "median": 3.4482550621032715,
      "p95": 3.9492985248565673,
      "p99": 4.040091638565063,
      "rtf_mean": 0.19730859597524006,
      "rtf_std": 0.014611489492373168,
      "n_runs": 5,
      "spectral": {
        "peak_amplitude": 0.75,
        "rms": 0.05726366117596626,
        "dynamic_range_db": 22.343643025238208,
        "spectral_centroid_mean": 896.7676501532953,
        "spectral_centroid_std": 528.5911617572873,
        "spectral_rolloff_mean": 4122.852187772846,
        "zero_crossing_rate": 0.07342922831064401,
        "silence_ratio": 0.0,
        "spectral_flatness_mean": 0.027400672435760498
      }
    },
    "20": {
      "times": [
        4.583310842514038,
        3.934328079223633,
        4.023097276687622,
        4.668517827987671,
        4.0501649379730225
      ],
      "mean": 4.251883792877197,
      "std": 0.30896705524422996,
      "min": 3.934328079223633,
      "max": 4.668517827987671,
      "median": 4.0501649379730225,
      "p95": 4.651476430892944,
      "p99": 4.665109548568726,
      "rtf_mean": 0.2362157662709554,
      "rtf_std": 0.01716483640245722,
      "n_runs": 5,
      "spectral": {
        "peak_amplitude": 0.75,
        "rms": 0.060000479221343994,
        "dynamic_range_db": 21.938130871566702,
        "spectral_centroid_mean": 623.4844392137322,
        "spectral_centroid_std": 332.7556731517649,
        "spectral_rolloff_mean": 3470.2966976498838,
        "zero_crossing_rate": 0.06029180315210389,
        "silence_ratio": 0.0,
        "spectral_flatness_mean": 0.014805501326918602
      }
    },
    "25": {
      "times": [
        4.682719945907593,
        4.920466899871826,
        5.240275859832764,
        4.851932048797607,
        5.31905198097229
      ],
      "mean": 5.002889347076416,
      "std": 0.24016709960451685,
      "min": 4.682719945907593,
      "max": 5.31905198097229,
      "median": 4.920466899871826,
      "p95": 5.303296756744385,
      "p99": 5.315900936126709,
      "rtf_mean": 0.2779382970598009,
      "rtf_std": 0.01334261664469538,
      "n_runs": 5,
      "spectral": {
        "peak_amplitude": 0.75,
        "rms": 0.05741998553276062,
        "dynamic_range_db": 22.319963677948383,
        "spectral_centroid_mean": 1411.8393319693514,
        "spectral_centroid_std": 775.995711848939,
        "spectral_rolloff_mean": 4794.6680710673745,
        "zero_crossing_rate": 0.09332235141287504,
        "silence_ratio": 0.0,
        "spectral_flatness_mean": 0.03774604573845863
      }
    },
    "30": {
      "times": [
        6.414152145385742,
        5.52383279800415,
        6.265450954437256,
        5.539783000946045,
        5.75489616394043
      ],
      "mean": 5.899623012542724,
      "std": 0.3715425390477311,
      "min": 5.52383279800415,
      "max": 6.414152145385742,
      "median": 5.75489616394043,
      "p95": 6.384411907196045,
      "p99": 6.408204097747802,
      "rtf_mean": 0.3277568340301513,
      "rtf_std": 0.020641252169318395,
      "n_runs": 5,
      "spectral": {
        "peak_amplitude": 0.75,
        "rms": 0.04846074804663658,
        "dynamic_range_db": 23.793422976283058,
        "spectral_centroid_mean": 2562.1127941144878,
        "spectral_centroid_std": 954.5823658092949,
        "spectral_rolloff_mean": 6625.082251800785,
        "zero_crossing_rate": 0.15033396191706178,
        "silence_ratio": 0.0,
        "spectral_flatness_mean": 0.025745609775185585
      }
    },
    "50": {
      "times": [
        8.330249309539795,
        9.188013076782227,
        9.413501024246216,
        8.291712999343872,
        9.266326904296875
      ],
      "mean": 8.897960662841797,
      "std": 0.4848584051201121,
      "min": 8.291712999343872,
      "max": 9.413501024246216,
      "median": 9.188013076782227,
      "p95": 9.384066200256347,
      "p99": 9.407614059448242,
      "rtf_mean": 0.49433114793565536,
      "rtf_std": 0.026936578062228447,
      "n_runs": 5,
      "spectral": {
        "peak_amplitude": 0.75,
        "rms": 0.05787380039691925,
        "dynamic_range_db": 22.251585210801494,
        "spectral_centroid_mean": 775.3306238457999,
        "spectral_centroid_std": 706.0483358261596,
        "spectral_rolloff_mean": 5665.663994288417,
        "zero_crossing_rate": 0.06596192614608024,
        "silence_ratio": 0.1671190383869717,
        "spectral_flatness_mean": 0.18925021588802338
      }
    }
  },
  "spectral": {},
  "numerical_diff": {
    "prompt_1": {
      "max_diff": 1.433139681816101,
      "mean_diff": 0.07955770194530487,
      "std_diff": 0.10863039642572403,
      "correlation": -0.0014053409303870787,
      "snr_db": -2.2522971630096436
    },
    "prompt_2": {
      "max_diff": 0.7603286504745483,
      "mean_diff": 0.06021194905042648,
      "std_diff": 0.057810116559267044,
      "correlation": 0.020157342205032396,
      "snr_db": -3.8454432487487793
    },
    "prompt_3": {
      "max_diff": 0.9620004296302795,
      "mean_diff": 0.09292896836996078,
      "std_diff": 0.074233278632164,
      "correlation": 0.017753695370479477,
      "snr_db": -5.856834411621094
    }
  },